Model,RMSE
Intra-Case,182.01757952552168
KDE,186.1976430240641
DDE,191.62770166680468
Hybrid,80.97338420599483
