Model,RMSE
Intra-Case,182.01757952552168
KDE,186.2094887265725
DDE,191.30378689316694
Hybrid (Random Forest),80.97338420599483
Hybrid (Gradient Boosting),92.98077918276839
Hybrid (XGBoost),75.96643236595699
